fclty_id|fclty_nm|area_addr|city_do_cd|ctprvn_nm|signgu_cd|signgu_nm|adstrd_cd|adstrd_nm|la|lo
PS1|서울공연예술연습공간|서울특별시 종로구 대학로 10길 17|11|서울특별시|11010|종로구|1101064|이화동|37.5820457|127.00318970000001
PS10|청주공연예술연습공간|충청북도 청주시 청원구 상당로 314|33|충청북도|33044|청주시 청원구|3304454|내덕2동|36.65620139999999|127.492379
PS11|아르코예술인력개발원|경기도 고양시 일산동구 성현로513번길 10|31|경기도|31103|고양시 일산동구|3110360|고봉동|37.6970555|126.83981229999999
PS12|전주공연예술연습공간|전라북도 전주시 덕진구 여암 1길 19|35|전라북도|35012|전주시 덕진구|3501271|여의동|35.871058500000004|127.07450970000001
PS13|춘천공연예술연습공간|강원도 춘천시 삭주로 3|32|강원도|32010|춘천시|3201052|교동|37.882612|127.7331162
PS14|세종공연예술연습공간|세종특별자치시 조치원읍 죽림리 79|29|세종특별자치시|29010|세종특별자치시|2901011|조치원읍|36.59391420000001|127.2944006
PS15|창원공연예술연습공간|경상남도 창원시 마산회원구 삼호로 136|38|경상남도|38114|창원시 마산회원구|3811456|양덕1동|35.2257176|128.5771934
PS17|아르코예술기록원|서울 서초구 서초동 710-1|11|서울특별시|11220|서초구|1122051|서초1동|37.480596500000004|127.01448799999999
PS18|강진공연예술연습공간|전라남도 강진군 대구면 청자로 1335|36|전라남도|36390|강진군|3639033|대구면|34.5362429|126.79481940000001
PS19|금정공연예술연습공간|부산 금정구 구서동 481|21|부산광역시|21110|금정구|2111069|구서1동|35.246062200000004|129.09430020000002
PS2|서천공연예술연습공간|충청남도 서천군 장항읍 성화로 26-2|34|충청남도|34340|서천군|3434011|장항읍|36.0166527|126.68455
PS20|광주공연예술연습공간|광주광역시 광산구 소촌로85번길 14-9|24|광주광역시|24050|광산구|2405056|어룡동|35.1526301|126.79123490000002
PS22|인천공연예술연습공간|인천광역시 미추홀구 도화동 620-24|23|인천광역시|23090|미추홀구|2309062|도화1동|37.46423720000001|126.6669377
PS3|울산공연예술연습공간|울산광역시 남구 거마로 134번길 20|26|울산광역시|26020|남구|2602051|신정1동|35.5381213|129.30437460000002
PS4|예술가의집|서울특별시 종로구 동숭길 3|11|서울특별시|11010|종로구|1101064|이화동|37.580540899999995|127.0032407
PS5|부산공연예술연습공간|부산광역시 남구 우암로 84-1|21|부산광역시|21070|남구|2107062|감만1동|35.1184228|129.0814376
PS6|대구공연예술연습공간|대구광역시 남구 명덕로 42|22|대구광역시|22040|남구|2204056|대명1동|35.8592829|128.57557350000002
PS7|포항공연예술연습공간|경상북도 포항시 북구 중앙로 373|37|경상북도|37012|포항시 북구|3701267|중앙동|36.0459667|129.3642744
PS8|원주공연예술연습공간|강원 원주시 명륜동 138|32|강원도|32020|원주시|3202054|명륜1동|37.3411134|127.9502682
PS9|부천공연예술연습공간|경기도 부천시 부일로 365|31|경기도|31050|부천시|3105089|중동|37.488203000000006|126.77046670000001
AC56|구리아트홀|경기도 구리시 아차산로 453|31|경기도|31120|구리시|3112053|인창동|37.595616|127.129851
AC179|의령군민문화회관|경상남도 의령군 의령읍 의병로24길 31-1|38|경상남도|38310|의령군|3831011|의령읍|35.317759|128.264795
AC180|창녕문화예술회관|경상남도 창녕군 창녕읍 우포2로 1189-25|38|경상남도|38330|창녕군|3833011|창녕읍|35.54443|128.490326
AC181|하동문화예술회관|경상남도 하동군 하동읍 섬진강대로 2222|38|경상남도|38360|하동군|3836011|하동읍|35.072412|127.74113700000001
AC182|함안문화예술회관|경상남도 함안군 가야읍 함안대로 619-1|38|경상남도|38320|함안군|3832011|가야읍|35.283337|128.401362
AC183|함양군문화예술회관|경상남도 함양군 함양읍 필봉산길 55|38|경상남도|38380|함양군|3838011|함양읍|35.524304|127.72243799999998
AC184|합천군문화예술회관|경상남도 합천군 합천읍 황강체육공원로 93|38|경상남도|38400|합천군|3840011|합천읍|35.564803000000005|128.170491
AC186|광주광역시서구문화센터|광주광역시 서구 마재로 3(금호동)|24|광주광역시|24020|서구|2402068|금호1동|35.130835999999995|126.860258
AC187|빛고을시민문화관|광주광역시 남구 천변좌로 338번길 7|24|광주광역시|24030|남구|2403054|사직동|35.148269|126.908324
AC189|광산문화예술회관|광주광역시 광산로68번길 13(송정동)|24|광주광역시|24050|광산구|2405051|송정1동|35.139557|126.793672
AC190|국립아시아문화전당|광주광역시 동구 문화전당로 38|24|광주광역시|24010|동구|2401064|서남동|35.147329|126.920002
AC191|예울마루|전라남도 여수시 예울마루로 100 (시전동 1003)|36|전라남도|36020|여수시|3602066|시전동|34.750617999999996|127.66539399999999
AC192|남도소리울림터|전남 무안군 삼향읍 남악로 222 남도소리울림터|36|전라남도|36420|무안군|3642013|삼향읍|34.804988|126.46290400000001
AC193|강진군아트홀|전라남도 강진군 강진읍 영랑로1길 9|36|전라남도|36390|강진군|3639011|강진읍|34.638177|126.77048300000001
AC194|고흥문화회관|전남 고흥군 고흥읍 호형리 991|36|전라남도|36350|고흥군|3635011|고흥읍|34.604852|127.27625400000001
AC195|곡성레저문화센터|전라남도 곡성군 곡성읍 곡성로855|36|전라남도|36320|곡성군|3632011|곡성읍|35.281285|127.298658
AC196|광양문화예술회관|전라남도 광양시 광양읍 향교길 9-30|36|전라남도|36060|광양시|3606011|광양읍|34.980246|127.58746599999999
AC197|구례문화예술회관|전라남도 구례군 구례읍 양정2길 11|36|전라남도|36330|구례군|3633011|구례읍|35.206994|127.47138700000001
AC198|나주문화예술회관|전라남도 나주시 예향로 4137|36|전라남도|36040|나주시|3604051|송월동|35.022406|126.712327
AC200|목포시문화예술회관|전라남도 목포시 남농로 102|36|전라남도|36010|목포시|3601070|용해동|34.791942999999996|126.41841399999998
AC188|광주문화예술회관|광주광역시 북구 북문대로 60|24|광주광역시|24040|북구|2404058|운암1동|35.177726|126.88158200000001
AC199|담양문화회관|전라남도 담양군 담양읍 지침6길 29|36|전라남도|36310|담양군|3631011|담양읍|35.316353|126.985404
AC201|무안승달문화예술회관|전라남도 무안군 무안읍 창포로 8|36|전라남도|36420|무안군|3642011|무안읍|34.990334000000004|126.47202
AC202|보성군문화예술회관|전라남도 보성군 보성읍 송재로 281-9|36|전라남도|36360|보성군|3636011|보성읍|34.778027|127.088356
AC204|여수시민회관|전라남도 여수시 좌수영로 69 (광무동 42-19) |36|전라남도|36020|여수시|3602055|광림동|34.746969|127.727903
AC205|영광예술의전당|전라남도 영광군 영광읍 천년로13길 2-34|36|전라남도|36440|영광군|3644011|영광읍|35.272337|126.508342
AC206|완도문화예술의전당|전라남도 완도군 완도읍 개포로159번길 55|36|전라남도|36460|완도군|3646011|완도읍|34.323813|126.74156599999999
AC207|장성문화예술회관|전라남도 장성군 장성읍 문화로 110|36|전라남도|36450|장성군|3645011|장성읍|35.302607|126.767155
AC208|장흥문화예술회관|전라남도 장흥군 장흥읍 읍성로 96|36|전라남도|36380|장흥군|3638011|장흥읍|34.675932|126.898955
AC209|진도향토문화회관|전라남도 진도군 진도읍 진도대로 7197|36|전라남도|36470|진도군|3647011|진도읍|34.47957|126.26918700000002
AC210|해남문화예술회관|전라남도 해남군 해남읍 군청길 4|36|전라남도|36400|해남군|3640011|해남읍|34.573554|126.59913799999998
AC211|완주군향토예술문화회관|전라북도 완주군 삼례읍 삼봉로 215|35|전라북도|35310|완주군|3531011|삼례읍|35.919967|127.093218
AC212|한벽문화관|전라북도 전주시 완산구 전주천동로 20|35|전라북도|35011|전주시 완산구|3501175|풍남동|35.812034000000004|127.158515
AC214|군산예술의전당|전라북도 군산시 백토로 203|35|전라북도|35020|군산시|3502069|수송동|35.961016|126.70631999999999
AC215|김제문화예술회관|전라북도 김제시 성산길 20|35|전라북도|35060|김제시|3506058|교월동|35.802640999999994|126.87700500000001
AC216|춘향문화예술회관|전라북도 남원시 양림길 43|35|전라북도|35050|남원시|3505054|노암동|35.402233|127.390056
AC217|부안예술회관|전라북도 부안군 부안읍 예술회관길11|35|전라북도|35380|부안군|3538011|부안읍|35.724342|126.725587
AC218|순창군 향토회관|전라북도 순창군 순창읍 장류로 407-11|35|전라북도|35360|순창군|3536011|순창읍|35.377472999999995|127.147345
AC219|완주문예회관|전라북도 완주군 용진면 지암로 61|35|전라북도|35310|완주군|3531013|용진읍|35.904722|127.162143
AC220|익산예술의전당|전라북도 익산시 동서로 490|35|전라북도|35030|익산시|3503072|어양동|35.951747999999995|126.98750600000001
AC221|장수한누리전당|전라북도 장수군 장수읍 한누리로 393|35|전라북도|35340|장수군|3534011|장수읍|35.641298|127.518253
AC222|덕진예술회관|전북 전주시 덕진구 권삼득로 407|35|전라북도|35012|전주시 덕진구|3501257|덕진동|35.847654999999996|127.11978
AC223|정읍시예술회관|전라북도 정읍시 시기4길 13|35|전라북도|35040|정읍시|3504054|시기동|35.553005999999996|126.861604
AC224|한국소리문화의전당|전라북도 전주시 덕진구 소리로 31(덕진동1가)|35|전라북도|35012|전주시 덕진구|3501257|덕진동|35.855409|127.138704
AC225|서귀포예술의전당|제주특별자치도 서귀포시 태평로 270|39|제주특별자치도|39020|서귀포시|3902054|천지동|33.24615|126.550933
AC226|제주아트센터|제주특별자치도 제주시 오남로 231|39|제주특별자치도|39010|제주시|3901064|오라동|33.475275|126.51538300000001
AC5|두산아트센터|서울특별시 종로구 종로33길 15 두산아트센터|11|서울특별시|11010|종로구|1101063|종로5·6가동|37.571818|127.00098500000001
AC6|마포아트센터|서울특별시 마포구 대흥로20길 28|11|서울특별시|11140|마포구|1114060|용강동|37.549863|126.945497
AC7|남산예술센터|서울특별시 중구 소파로 138 (예장동 8-19)|11|서울특별시|11020|중구|1102055|명동|37.559033|126.988468
AC8|반포심산아트홀|서울시 서초구 사평대로 55(반포동) 심산기념문화센터 1층|11|서울특별시|11220|서초구|1122056|반포본동|37.498891|126.990874
AC9|성동문화회관|서울특별시 성동구 왕십리로 281|11|서울특별시|11040|성동구|1104055|사근동|37.559259999999995|127.035991
AC10|미아리고개예술극장|서울특별시 성북구 아리랑로 12길 4 성북문화재단 3층|11|서울특별시|11080|성북구|1108083|동선동|37.599154|127.01476399999999
AC11|세종문화회관|서울특별시 종로구 세종대로 175 |11|서울특별시|11010|종로구|1101072|청운효자동|37.572251|126.97588200000001
AC12|영등포아트홀|서울특별시 영등포구 국회대로 596 |11|서울특별시|11190|영등포구|1119055|당산1동|37.525940999999996|126.90008200000001
AC13|은평문화예술회관|서울특별시 은평구 녹번로 16(녹번동)|11|서울특별시|11120|은평구|1112051|녹번동|37.603704|126.927897
AC14|정동극장|서울특별시 중구 정동길 43 (정동 8-11) |11|서울특별시|11020|중구|1102052|소공동|37.565936|126.972844
AC15|아이들극장|서울시 종로구 성균관로 91 올림픽기념생활관 신관|11|서울특별시|11010|종로구|1101073|혜화동|37.590534999999996|126.99918400000001
AC16|충무아트센터|서울특별시 중구 퇴계로 387|11|서울특별시|11020|중구|1102069|신당동|37.565951|127.01478300000001
AC17|강동아트센터|서울특별시 강동구 동남로 870 (상일동)|11|서울특별시|11250|강동구|1125052|강일동|37.551187|127.15736000000001
AC18|국립국악원|서울특별시 서초구 남부순환로 2364|11|서울특별시|11220|서초구|1122051|서초1동|37.477746|127.009203
AC20|노원문화예술회관|서울특별시 노원구 중계로 181|11|서울특별시|11110|노원구|1111060|중계본동|37.650239|127.08025900000001
AC21|서대문문화회관|서울특별시 서대문구 백련사길 39 |11|서울특별시|11130|서대문구|1113066|홍은1동|37.580651|126.93144299999999
AC23|우리금융아트홀|서울특별시 송파구 올림픽로 424 (방이동 88-2) 역도경기장 2층 공연사업팀|11|서울특별시|11240|송파구|1124057|방이1동|37.520352|127.115397
AC25|부평아트센터|인천광역시 부평구 아트센터로 166(십정동)|23|인천광역시|23060|부평구|2306053|부평3동|37.482226000000004|126.70488200000001
AC26|트라이보울|인천광역시 연수구 인천타워대로 250(송도동24-6)|23|인천광역시|23040|연수구|2304066|송도1동|37.393996|126.63511899999999
AC27|계양문화회관|인천광역시 계양 계양산로 35번길 11|23|인천광역시|23070|계양구|2307053|계산1동|37.537102000000004|126.73766299999998
AC28|남동소래아트홀|인천광역시 남동구 아암대로1437번길 32(논현동)|23|인천광역시|23050|남동구|2305072|논현1동|37.387427|126.72458200000001
AC30|인천서구문화회관|인천광역시 서구 서달로 190(가정동)|23|인천광역시|23080|서구|2308056|가정1동|37.515477000000004|126.67995400000001
AC32|인천학생교육문화회관|인천광역시 중구 자유공원로 12 (인현동 5) |23|인천광역시|23010|중구|2301058|동인천동|37.47572|126.629677
AC33|아트센터 인천|인천 연수구 아트센터대로 222|23|인천광역시|23040|연수구|2304066|송도1동|37.393981|126.626774
AC34|인천 중구문화회관|인천광역시 중구 축항대로 296번길 81(신흥동 3가 39-24)|23|인천광역시|23010|중구|2301054|신흥동|37.439919|126.629426
AC35|경기도문화의전당|경기도 수원시 팔달구 효원로 307번길 20|31|경기도|31013|수원시 팔달구|3101356|인계동|37.261459|127.03715
AC38|광명시민회관|경기도 광명시 시청로 20, 광명시민회관(철산동)|31|경기도|31060|광명시|3106058|철산1동|37.47804|126.864617
AC39|군포문화예술회관|경기도 군포시 고산로 599|31|경기도|31160|군포시|3116054|산본1동|37.366282|126.927276
AC40|김포아트홀|경기도 김포시 돌문로 26|31|경기도|31230|김포시|3123053|사우동|37.618897|126.72011699999999
AC41|부천시민회관|경기도 부천시 원미구 부일로 365(중동)|31|경기도|31050|부천시|3105089|중동|37.488189|126.770498
AC42|성남아트센터|경기도 성남시 분당구 성남대로 808(야탑동)|31|경기도|31023|성남시 분당구|3102362|야탑1동|37.402781|127.131013
AC43|수원SK아트리움|경기도 수원시 장안구 이목로24-25|31|경기도|31011|수원시 장안구|3101156|정자1동|37.308904|126.98581599999999
AC44|안산문화예술의전당|경기도 안산시 화랑로 312|31|경기도|31092|안산시 단원구|3109274|고잔동|37.320831|126.84388
AC47|오산문화예술회관|경기도 오산시 경기동로 41(오산동)|31|경기도|31140|오산시|3114051|중앙동|37.159357|127.076973
AC48|용인포은아트홀|경기도 용인시 수지구 포은대로 499|31|경기도|31193|용인시 수지구|3119354|죽전1동|37.325745|127.105317
AC49|의정부예술의전당|경기도 의정부시 의정로1|31|경기도|31030|의정부시|3103051|의정부1동|37.733271|127.034375
AC50|하남문화예술회관|경기도 하남시 신평로 125(덕풍동)|31|경기도|31180|하남시|3118054|덕풍1동|37.544522|127.207204
AC53|가평문화예술회관|경기도 가평군 가평읍 문화로 131|31|경기도|31370|가평군|3137011|가평읍|37.824988|127.50599199999999
AC55|남한산성아트홀|경기도 광주시 회안대로 891|31|경기도|31250|광주시|3125052|송정동|37.426774|127.25476
AC57|다산아트홀|경기도 남양주시 다산중앙로7|31|경기도|31130|남양주시|3113058|다산1동|37.613932|127.15555400000001
AC58|동두천시민회관|경기도 동두천시 어수로 4(상패동, 시민회관)|31|경기도|31080|동두천시|3108060|상패동|37.905284|127.043525
AC59|안성맞춤아트홀|경기도 안성시 발화대길21 안성맞춤아트홀|31|경기도|31220|안성시|3122051|안성1동|37.001115999999996|127.27918100000001
AC60|양주문화예술회관|경기도 양주시 광적면 부흥로 618번길 303 |31|경기도|31260|양주시|3126033|광적면|37.812989|126.972168
AC61|세종국악당|경기도 여주시 영릉로 125|31|경기도|31280|여주시|3128052|중앙동|37.297166|127.624932
AC62|연천수레울아트홀|경기도 연천군 연천읍 문화로 150|31|경기도|31350|연천군|3135011|연천읍|38.106148|127.08076299999999
AC63|이천아트홀|경기도 이천시 부악로 40(중리동 490)|31|경기도|31210|이천시|3121052|중리동|37.272223|127.43440700000001
AC64|운정행복센터|경기도 파주시 와석순환로 415|31|경기도|31200|파주시|3120056|운정1동|37.723983000000004|126.751501
AC65|남부문화예술회관|경기도 평택시 중앙로 277|31|경기도|31070|평택시|3107062|비전1동|36.99106|127.114139
AC66|북부문화예술회관|경기도 평택시 경기대로 1366|31|경기도|31070|평택시|3107051|중앙동|37.06654|127.065123
AC67|서부문화예술회관|경기도 평택시 서동대로 1531|31|경기도|31070|평택시|3107012|안중읍|36.985246000000004|127.111589
AC68|포천반월아트홀|경기도 포천시 군내면 청성로 111|31|경기도|31270|포천시|3127031|군내면|37.895749|127.21215
AC69|영월문화예술회관|강원도 영월군 영월읍 단종로 24|32|강원도|32330|영월군|3233011|영월읍|37.185951|128.468433
AC70|치악예술관|강원도 원주시 서원대로 331|32|강원도|32020|원주시|3202054|명륜1동|37.335584999999995|127.94516200000001
AC71|인제하늘내린센터|강원도 인제군 인제읍 비봉로44번길100 |32|강원도|32390|인제군|3239011|인제읍|38.06092|128.165042
AC73|횡성문화예술회관|강원도 횡성군 횡성읍 문예로 75 ,횡성문화예술회관 2층 횡성문화재단|32|강원도|32320|횡성군|3232011|횡성읍|37.488619|127.975594
AC74|강릉단오제전수교육관|강원도 강릉시 단오장길 1(노암동)|32|강원도|32030|강릉시|3203062|강남동|37.748227|128.89503
AC75|강릉아트센터|강원도 강릉시 종합운동장길 84|32|강원도|32030|강릉시|3203055|교1동|37.772462|128.895288
AC76|동해시문화예술회관|강원도 동해시 천곡동 809|32|강원도|32040|동해시|3204051|천곡동|37.526658000000005|129.113725
AC78|속초문화예술회관|강원도 속초시 번영로 155|32|강원도|32060|속초시|3206051|영랑동|38.21288|128.588618
AC79|양양군문화복지회관|강원도 양양군 양양읍 일출로 540|32|강원도|32410|양양군|3241011|양양읍|38.076862|128.62677
AC80|화강문화센터|강원도 철원군 서면 약수로3|32|강원도|32360|철원군|3236031|서면|38.245257|127.426847
AC81|태백문화예술회관|강원도 태백시 고원로 203|32|강원도|32050|태백시|3205051|황지동|37.171908|128.988011
AC82|평창문화예술회관|강원도 평창군 평창읍 문화예술길 51|32|강원도|32340|평창군|3234011|평창읍|37.36148|128.390916
AC84|화천문화예술회관|강원도 화천군 화천읍 상승로 91번지|32|강원도|32370|화천군|3237011|화천읍|38.108607|127.70487299999999
AC85|대전예술가의집|대전광역시 중구 중앙로 32|25|대전광역시|25020|중구|2502067|문화1동|36.32232|127.416055
AC86|대덕문예회관|대전광역시 대덕구 대전로 1348(읍내동)|25|대전광역시|25050|대덕구|2505053|회덕동|36.3741|127.420639
AC87|대전예술의전당|대전광역시 서구 둔산대로 135|25|대전광역시|25030|서구|2503069|만년동|36.366820000000004|127.384955
AC88|대전시립연정국악원|대전광역시 서구 둔산대로 181|25|대전광역시|25030|서구|2503069|만년동|36.366429|127.389416
AC89|관저문예회관|대전광역시 서구 관저동로 105번길 20(관저동, 1199번지)|25|대전광역시|25030|서구|2503072|관저1동|36.301679|127.339527
AC90|당진문예의전당|충청남도 당진시 무수동2길 25-21|34|충청남도|34080|당진시|3408051|당진1동|36.890178000000006|126.63789299999999
AC91|천안예술의전당|충청남도 천안시 동남구 성남면 종합휴양지로 185|34|충청남도|34011|천안시 동남구|3401134|성남면|36.75607|127.225674
AC92|계룡문화예술의전당|충남 계룡시 엄사면 문화1로 13|34|충청남도|34070|계룡시|3407033|엄사면|36.272932|127.234145
AC93|공주문예회관|충청남도 공주시 고마나루길5|34|충청남도|34020|공주시|3402058|웅진동|36.460186|127.111402
AC94|금산다락원|충청남도 금산군 금산읍 금산로 1559 금산다락원 |34|충청남도|34310|금산군|3431011|금산읍|36.111913|127.49173700000001
AC95|논산문화예술회관|충청남도 논산시 시민로 270|34|충청남도|34060|논산시|3406051|취암동|36.19093|127.09513000000001
AC96|보령문화예술회관|충청남도 보령시 성주산로 101|34|충청남도|34030|보령시|3403054|대천4동|36.333858|126.61454099999999
AC97|서산시문화회관|충청남도 서산시 문화로 54|34|충청남도|34050|서산시|3405051|부춘동|36.786165999999994|126.448376
AC1|나루아트센터|서울특별시 광진구 능동로 76|11|서울특별시|11050|광진구|1105065|자양1동|37.537578|127.070544
AC2|강남씨어터|서울 강남구 역삼로7길 16|11|서울특별시|11230|강남구|1123064|삼성1동|37.515915|127.052125
AC3|구로아트밸리예술극장|서울특별시 구로구 가마산로25길 9-24|11|서울특별시|11170|구로구|1117052|구로1동|37.496562|126.88897800000001
AC4|금나래아트홀|서울특별시 금천구 시흥대로73길 금천구청 내 |11|서울특별시|11180|금천구|1118057|시흥1동|37.45669|126.89652
AC98|서천군문예의전당|충청남도 서천군 서천로 14번길6-11|34|충청남도|34340|서천군|3434012|서천읍|36.075804|126.698625
AC99|아산시 평생학습문화센터|충청남도 아산시 남부로92 |34|충청남도|34040|아산시|3404055|온양5동|36.770459|126.991956
AC100|예산군문예회관|충청남도 예산군 예산읍 아리랑로 185-14|34|충청남도|34370|예산군|3437011|예산읍|36.685432|126.849434
AC101|청양문화예술회관|충남 청양군 청양읍 문화예술로 187|34|충청남도|34350|청양군|3435011|청양읍|36.454549|126.80066799999999
AC102|충청남도문화예술회관|충남 홍성군 홍북읍 충남대로 21|34|충청남도|34360|예산군|3436013|삽교읍|36.660115000000005|126.672482
AC153|영화의전당|부산광역시 해운대구 수영강변대로 120|21|부산광역시|21090|해운대구|2109073|우1동|35.170944|129.12751799999998
AC103|충청남도교육청학생교육문화원|충청남도 천안시 동남구 옛농고 1길 41|34|충청남도|34011|천안시 동남구|3401152|문성동|36.809456|127.156806
AC104|태안군문화예술과|충청남도 태안군 태안읍 백화로 200|34|충청남도|34380|태안군|3438011|태안읍|36.754205|126.312122
AC105|홍주문화회관|충청남도 홍성군 홍성읍 내포로 164|34|충청남도|34360|홍성군|3436011|홍성읍|36.59475|126.65191100000001
AC106|단양문화예술회관|충청북도 단양읍 중앙1로 32|33|충청북도|33380|단양군|3338011|단양읍|36.984664|128.365783
AC107|옥천문화예술회관|충청북도 옥천군 옥천읍 문정1길 32|33|충청북도|33330|옥천군|3333011|옥천읍|36.303763000000004|127.574105
AC108|음성문화예술회관|충청북도 음성군 음성읍 예술로102|33|충청북도|33370|음성군|3337011|음성읍|36.931521000000004|127.68057900000001
AC109|제천시문화회관|충청북도 제천시 의림대로 6길 32|33|충청북도|33030|제천시|3303060|화산동|37.130495|128.21059499999998
AC110|증평문화회관|충청북도 증평군 증평읍 삼보로 28|33|충청북도|33390|증평군|3339014|증평읍|36.785794|127.569996
AC111|진천화랑관|충청북도 진천군 진천읍 문화로69-4|33|충청북도|33350|진천군|3335011|진천읍|36.849562|127.44011499999999
AC114|충청북도중원교육문화원|충청북도 충주시 호암대로 50|33|충청북도|33020|충주시|3302058|호암·직동|36.956955|127.93055600000001
AC115|충청북도교육문화원|충청북도 청주시 청원구 공항로 287번길 56|33|충청북도|33044|청주시 청원구|3304451|오근장동|36.682807000000004|127.479995
AC116|세종시문화예술회관|세종특별자치시 조치원읍 문예회관길 22|29|세종특별자치시|29010|세종특별자치시|2901011|조치원읍|36.599776|127.287582
AC117|웃는얼굴아트센터|대구광역시 달서구 문화회관길160(장기동)|22|대구광역시|22070|달서구|2207059|장기동|35.843171999999996|128.522523
AC118|달성아트센터|대구광역시 달성군 대실역북로2길 188|22|대구광역시|22310|달성군|2231013|다사읍|35.86548|128.460937
AC119|아양아트센터|대구광역시 동구 효동로 2길 24|22|대구광역시|22020|동구|2202060|효목1동|35.87962|128.651918
AC120|대구오페라하우스|대구광역시 북구 호암로15(칠성동2가)|22|대구광역시|22050|북구|2205052|칠성동|35.883454|128.592208
AC121|수성아트피아|대구광역시 무학로 180(지산동)|22|대구광역시|22060|수성구|2206067|지산1동|35.871418|128.601797
AC122|대구학생문화센터|대구광역시 달서구 용산로181(용산동)|22|대구광역시|22070|달서구|2207073|용산1동|35.85302|128.529507
AC124|어울아트센터|대구광역시 북구 구암로 47(관음동)|22|대구광역시|22050|북구|2205077|관음동|35.934722|128.546198
AC125|대구서구문화회관|대구광역시 서구 당산로403|22|대구광역시|22030|서구|2203066|상중이동|35.872625|128.54548400000002
AC126|봉산문화회관|대구광역시 중구 봉산문화길 77(봉산동)|22|대구광역시|22010|중구|2201056|성내1동|35.863378000000004|128.596576
AC129|경주예술의전당|경상북도 경주시 알천북로 1(황성동,988)|37|경상북도|37020|경주시|3702063|황성동|35.862288|129.206626
AC112|청주예술의전당|충청북도 청주시 서원구 흥덕로 69|33|충청북도|33042|청주시 서원구|3304251|사직1동|36.641913|127.47026100000001
AC113|충주시문화회관|충청북도 충주시 중앙로 128(성내동)|33|충청북도|33020|충주시|3302051|성내·충인동|36.970621|127.937215
AC128|대구콘서트하우스|대구광역시 중구 태평로 141|22|대구광역시|22010|중구|2201059|성내2동|35.876028000000005|128.59381399999998
AC131|경산시민회관|경상북도 경산시 계양로 28|37|경상북도|37100|경산시|3710055|북부동|35.818267999999996|128.747825
AC132|대가야문화누리|경상북도 고령군 대가야읍 왕릉로 30|37|경상북도|37370|고령군|3737012|대가야읍|35.723574|128.26308
AC134|군위 삼국유사교육문화회관|경상북도 군위군 군위읍 군청로 158|37|경상북도|37310|군위군|3731011|군위읍|36.237466999999995|128.574452
AC29|인천수봉문화회관|인천광역시 남구 수봉안길 78|23|인천광역시|23090|미추홀구|2309075|숭의1·3동|37.461279|126.66218899999998
AC45|안양아트센터 |경기도 안양시 만안구 문예로 36번길 16(안양동) |31|경기도|31041|안양시 만안구|3104151|안양1동|37.3846631|126.93128770000001
AC46|평촌아트홀 |경기도 안양시 동안구 평촌대로 76(호계동)|31|경기도|31042|안양시 동안구|3104263|호계2동|37.3799616|126.9639676
AC37|고양어울림누리 |경기도 고양시 덕양구 어울림로 33|31|경기도|31101|고양시 덕양구|3110153|흥도동|37.6495942|126.8345322
AC36|고양아람누리 |경기도 고양시 일산동구 중앙로 1286 |31|경기도|31103|고양시 일산동구|3110356|마두1동|37.661145899999994|126.7739935
AC51|화성아트홀 |경기도 화성시 태안로 145|31|경기도|31240|화성시|3124054|병점2동|37.202965899999995|127.0332029
AC52|반석아트홀 |경기도 화성시 노작로 134|31|경기도|31240|화성시|3124061|동탄1동|37.200644399999995|127.07512659999998
AC213|고창문화의전당|전라북도 고창군 고창읍 모양성로 11|35|전라북도|35370|고창군|3537011|고창읍|35.433203999999996|126.70451000000001
AC135|김천시문화예술회관|경상북도 김천시 운동장길3|37|경상북도|37030|김천시|3703056|대신동|36.138265999999994|128.08863200000002
AC136|문경문화예술회관|경상북도 문경시 신흥로 85|37|경상북도|37090|문경시|3709058|점촌1동|36.590314|128.197808
AC137|상주문화회관|경상북도 상주시 상산로 235|37|경상북도|37080|상주시|3708052|남원동|36.4119|128.159177
AC138|성주문화예술회관|경상북도 성주군 성주읍 성산9길 45|37|경상북도|37380|성주군|3738011|성주읍|35.918317|128.30143
AC139|안동문화예술의전당|경상북도 안동시 축제장길66(안흥동373-4)|37|경상북도|37040|안동시|3704062|서구동|36.559432|128.725291
AC140|천마아트센터|경북 경산시 대동 228|37|경상북도|37100|경산시|3710055|북부동|35.830479|128.7582
AC141|예주문화예술회관|경상북도 영덕군 영해면 318만세길 36|37|경상북도|37350|영덕군|3735036|영해면|36.529722|129.405085
AC142|영주문화예술회관|경상북도 영주시 가흥로 257(가흥동)|37|경상북도|37060|영주시|3706062|가흥1동|36.819694|128.613431
AC143|영천시민회관|경상북도 영천시 시청로 17|37|경상북도|37070|영천시|3707052|중앙동|35.972203|128.93756499999998
AC144|예천군문화회관|경상북도 예천군 예천읍 충효료 209-15|37|경상북도|37400|예천군|3740011|예천읍|36.656665000000004|128.453439
AC145|울릉한마음회관|경상북도 울릉군 울릉읍 울릉순환로286|37|경상북도|37430|울릉군|3743011|울릉읍|37.490542|130.90469199999998
AC146|울진문화예술회관|경상북도 울진군 후포삼율로 194-14|37|경상북도|37420|울진군|3742038|후포면|36.687464|129.443754
AC147|의성문화회관|경상북도 의성군 의성읍 충효로 88|37|경상북도|37320|의성군|3732011|의성읍|36.355259999999994|128.70273500000002
AC148|청송문화예술회관|경상북도 청송군 청송읍 금월로 244-30|37|경상북도|37330|청송군|3733011|청송읍|36.429749|129.059143
AC149|칠곡군교육문화회관|경상북도 칠곡군 왜관읍 관문로1길 32|37|경상북도|37390|칠곡군|3739011|왜관읍|35.99176|128.417507
AC150|부산민주공원 공연장|부산광역시 중구 민주공원길 19|21|부산광역시|21010|중구|2101059|영주1동|35.109589|129.027916
AC151|부산문화회관|부산광역시 남구 유엔평화로76번길1|21|부산광역시|21070|남구|2107070|대연1동|35.127347|129.093837
AC130|포항시문화예술회관|경상북도 포항시 남구 희망대로 850 |37|경상북도|37011|포항시 남구|3701160|상대동|36.010524|129.36416599999998
AC152|부산시민회관|부산광역시 동구 자성로 133번길 16|21|부산광역시|21030|동구|2103071|좌천동|35.138842|129.065208
AC155|동래문화회관|부산광역시 동래구 문화로 80|21|부산광역시|21060|동래구|2106065|명륜동|35.211877|129.089929
AC156|북구문화빙상센터|부산광역시 북구 금곡대로 46번길 50|21|부산광역시|21080|북구|2108056|덕천1동|35.213435|129.00573
AC157|을숙도문화회관|부산광역시 사하구 낙동남로1233번길25|21|부산광역시|21100|사하구|2110056|하단1동|35.109697|128.944923
AC158|영도문화예술회관|부산광역시 영도구 함지로 79번길 6(동삼동)|21|부산광역시|21040|영도구|2104065|동삼1동|35.075043|129.066034
AC159|해운대문화회관|부산광역시 해운대구 양운로 97(좌동)|21|부산광역시|21090|해운대구|2109066|좌1동|35.171125|129.173955
AC160|부산광역시학생예술문화회관|부산광역시 북구 낙동북로 737-1|21|부산광역시|21080|북구|2108051|구포1동|35.198939|129.001587
AC161|울산북구문화예술회관|울산광역시 북구 산업로 1000(연암동)|26|울산광역시|26040|북구|2604056|효문동|35.581329|129.361394
AC162|울산 중구문화의전당|울산광역시 중구 종가로 405(성안동) 중구문화의전당|26|울산광역시|26010|중구|2601066|성안동|35.567541|129.321526
AC164|울주문화예술회관|울산광역시 울주군 범서읍 천상중앙길 36|26|울산광역시|26310|울주군|2631014|범서읍|35.564442|129.23206000000002
AC165|현대예술관|울산광역시 동구 명덕로 10 |26|울산광역시|26030|동구|2603058|남목1동|35.522917|129.431329
AC166|거제문화예술회관|경상남도 거제시 장승로 145|38|경상남도|38090|거제시|3809061|장승포동|34.86701|128.723656
AC167|거창군문화센터|경상남도 거창군 거창읍 수남로2181|38|경상남도|38390|거창군|3839011|거창읍|35.674028|127.910343
AC168|김해문화의전당|경상남도 김해시 김해대로 2060|38|경상남도|38070|김해시|3807054|내외동|35.243722999999996|128.86938700000002
AC169|밀양아리랑아트센터|경남 밀양시 밀양대공원로 112 밀양아리랑아트센터|38|경상남도|38080|밀양시|3808053|교동|35.504375|128.758275
AC170|성산아트홀|경상남도 창원시 의창구 중앙대로 181(용호동)|38|경상남도|38111|창원시 의창구|3811155|용지동|35.229809|128.683469
AC171|3∙15 아트센터|경상남도 창원시 마산회원구 삼호로 135(양덕동)|38|경상남도|38114|창원시 마산회원구|3811456|양덕1동|35.225799|128.57764699999998
AC172|진해구민회관|경상남도 창원시 진해구 진해대로 325(태백동)|38|경상남도|38115|창원시 진해구|3811554|여좌동|35.169548|128.659242
AC173|통영국제음악당|경상남도 통영시 큰발개1길38(도남동)|38|경상남도|38050|통영시|3805064|봉평동|34.826025|128.440071
AC175|남해문화체육센터|경상남도 남해군 남해읍 선소로 12|38|경상남도|38350|남해군|3835011|남해읍|34.845116|127.899529
AC176|사천시문화예술회관|경남 사천시 삼천포대교로 471|38|경상남도|38060|사천시|3806052|동서동|34.932382000000004|128.052211
AC177|산청문화예술회관|경상남도 산청군 금서면 친환경로2631번길 12|38|경상남도|38370|산청군|3837034|금서면|35.420094|127.87315100000001
AC178|양산문화예술회관|경상남도 양산시 중앙로 39-1(남부동)|38|경상남도|38100|양산시|3810058|중앙동|35.33358|129.036695
AC123|대덕문화전당|대구시 남구 앞산순환로 478|22|대구광역시|22040|남구|2204056|대명1동|35.831305|128.576956
AC174|경상남도문화예술회관|경상남도 진주시 강남로 215|38|경상남도|38030|진주시|3803072|천전동|35.186902|128.091902
AC185|통영시민문화회관|경남 통영시 남망공원길 29|38|경상남도|38050|통영시|3805054|무전동|34.854276|128.43296
AC203|순천문화예술회관|전라남도 순천시 삼산로 16|36|전라남도|36030|순천시|3603055|삼산동|34.970543|127.48524099999999
AC227|제주특별자치도문화예술진흥원(제주문예회관)|제주특별자치도 제주시 동광로 69(일도2동)|39|제주특별자치도|39010|제주시|3901052|일도2동|33.504407|126.53528999999999
AC19|국립중앙극장|서울특별시 중구 장충단로 59 (장충동2가 산 14-67) |11|서울특별시|11020|중구|1102057|필동|37.552932|126.99989
AC22|예술의전당|서울특별시 서초구 남부순환로 2406(서초동) |11|서울특별시|11220|서초구|1122051|서초1동|37.479426000000004|127.012901
AC24|아르코예술극장|서울특별시 종로구 대학로8길 7|11|서울특별시|11010|종로구|1101064|이화동|37.581187|127.00298799999999
AC31|인천문화예술회관|인천광역시 남동구 예술로 149|23|인천광역시|23050|남동구|2305051|구월1동|37.447718|126.700075
AC54|과천시민회관|경기도 과천시 통영로5 |31|경기도|31110|과천시|3111051|중앙동|37.428020000000004|126.98942
AC72|춘천문화예술회관|강원도 춘천시 효자상길5번길 13(효자동)|32|강원도|32010|춘천시|3201063|효자1동|37.87262|127.729323
AC77|삼척시문화예술센터|강원도 삼척시 엑스포로 45|32|강원도|32070|삼척시|3207052|성내동|37.438313|129.160417
AC83|홍천문화예술회관|강원도 홍천군 홍천읍 설악로 1792|32|강원도|32310|홍천군|3231011|홍천읍|37.688992|127.895478
AC154|금정문화회관|부산광역시 금정구 체육공원로 7 |21|부산광역시|21110|금정구|2111069|구서1동|35.245866|129.09416299999998
AC133|구미시문화예술회관|경상북도 구미시 송정대로 89|37|경상북도|37050|구미시|3705051|송정동|36.118322|128.349049
AC163|울산문화예술회관|울산광역시 남구 번영로 200(달동)|26|울산광역시|26020|남구|2602056|달동|35.542902000000005|129.327054
AC127|대구문화예술회관|대구광역시 달서구 공원순환로 201 |22|대구광역시|22070|달서구|2207075|성당동|35.844668|128.55863200000002
SA1|밀양 누루(樓樓) 미술관|경남 밀양시 하남읍 명례로 451 구. 명례초등학교|38|경상남도|38080|밀양시|3808012|하남읍|35.353988799999996|128.766001
SA10|우리미술관|인천광역시 동구 화도진로 192번길 3-11|23|인천광역시|23020|동구|2302051|만석동|37.4862284|126.6225375
SA11|소금나루 작은미술관|울산 북구 중리11길 2|26|울산광역시|26040|북구|2604059|염포동|35.526847|129.3991062
SA12|바래길 작은미술관|경남 남해군 남면 남면로1739번길 46-1|38|경상남도|38350|남해군|3835035|남면|34.7674825|127.8479007
SA13|장생포고래로131 작은미술관|울산광역시 남구 장생포고래로131|26|울산광역시|26020|남구|2602061|야음장생포동|35.501992200000004|129.3692945
SA14|서동 작은미술관|부산광역시 금정구 서동로149번길 8(서동) 서동예술창작공간 1층|21|부산광역시|21110|금정구|2111051|서1동|35.2152304|129.1035117
SA15|작은미술관 보구곶|경기도 김포시 월곶면 문수산로 373|31|경기도|31230|김포시|3123035|월곶면|37.7576187|126.5298521
SA16|아트터미널 작은미술관|강원도 정선군 고한읍 지장천로856|32|강원도|32350|정선군|3235012|고한읍|37.2197634|128.8345897
SA17|악양 작은미술관|경남 하동군 악양면 악양동로 176 악양생활문화센터|38|경상남도|38360|하동군|3836032|악양면|35.146342600000004|127.7052264
SA2|노인과 둔장바다 작은미술관|전라남도 신안군 자은면 둔장길 33-4|36|전라남도|36480|신안군|3648033|자은면|34.9137791|126.06271370000002
SA3|기억을 모으는 미술관 ART-TEA|강원도 태백시 장성1길 102-5|32|강원도|32050|태백시|3205056|장성동|37.0990398|129.00489850000002
SA4|정라항 그리go 작은미술관 4048|강원도 삼척시 정라항안길 40-48|32|강원도|32070|삼척시|3207054|정라동|37.440859499999995|129.19125590000002
SA5|정라항 그리go 작은미술관 5223|강원도 삼척시 정라항안길 52-23|32|강원도|32070|삼척시|3207054|정라동|37.440647|129.1908435
SA6|정라항 그리go 작은미술관 5219|강원도 삼척시 정라항안길 52-19|32|강원도|32070|삼척시|3207054|정라동|37.440657|129.19097309999998
SA7|정라항 그리go 작은미술관 1116|강원도 삼척시 나리골3길 11-16|32|강원도|32070|삼척시|3207054|정라동|37.4398105|129.18660549999998
SA8|BRT 작은미술관|세종특별자치시 나성동 719 BRT작은미술관|29|세종특별자치시|29010|세종특별자치시|2901062|새롬동|36.4810027|127.26127340000002
SA9|봉평콧등작은미술관|강원도 평창군 봉평면 덕거길 7-1 봉평콧등작은미술관|32|강원도|32340|평창군|3234034|봉평면|37.642715700000004|128.3950337
